Lunes,Martes,Miercoles,Jueves,Viernes,Sabado,Domingo,ClustersConsumoDias
337.6800000000124,340.95632142856795,334.65304687500856,340.5960833333536,339.5336318181997,363.70354326923666,335.158811320744,1
304.88769199999973,498.97782857142903,430.10021052631504,355.21331363636386,408.2138239999994,317.8563480000011,51.68485600000022,1
349.7539799999993,383.81892499999475,308.37894242424096,365.6999999999986,230.20873947368062,75.25865277778263,60.91763142857344,1
433.5506000000018,439.86224999999587,429.4072541666731,437.9963230769141,356.54461071428625,214.88507037037223,202.44508148148157,1
860.1304685714306,1061.6103727272764,1084.1045500000007,1055.3424971428483,788.3460457142892,615.2913500000011,318.1640857142812,1
